,resname,S160,D206,H237,mindist
83,I83,8.609736443,14.81096172,12.11688805,8.609736443
84,V84,5.878477097,12.91792488,9.956748962,5.878477097
85,P85,5.223503113,12.21156311,8.376114845,5.223503113
86,G86,2.760428429,9.827835083,5.518231392,2.760428429
87,Y87,3.74957943,10.74851418,6.261399746,3.74957943
88,T88,7.68370676,12.27126217,7.442939758,7.442939758
89,A89,6.348178864,12.18040943,7.245550632,6.348178864
90,R90,9.692282677,15.32122517,10.63686275,9.692282677
93,S93,7.812129974,11.73988342,7.805914402,7.805914402
94,I94,7.24725914,12.4800396,9.119474411,7.24725914
96,W96,10.45482635,13.16947174,9.474453926,9.474453926
97,W97,8.726011276,12.57864666,9.554353714,8.726011276
113,T113,9.601482391,17.22430229,13.22454739,9.601482391
116,T116,9.195711136,15.97968006,11.50411892,9.195711136
118,D118,8.570634842,15.78823471,11.74586678,8.570634842
119,Q119,8.351132393,15.14574051,11.91508102,8.351132393
120,P120,5.149221897,12.77335835,9.413916588,5.149221897
121,S121,9.282327652,17.56046486,14.22740936,9.282327652
123,R123,5.760476589,13.90793133,10.2197504,5.760476589
124,S124,9.221417427,17.99536705,14.64020538,9.221417427
127,Q127,8.777381897,16.19659615,13.65421486,8.777381897
157,M157,7.641004562,14.17338085,12.03621006,7.641004562
158,G158,3.756243467,10.16942787,8.120079041,3.756243467
159,W159,1.341769338,5.098163128,2.195524693,1.341769338
160,S160,0,6.139127731,2.414179325,0
161,M161,1.331287384,8.989931107,5.244307041,1.331287384
162,G162,2.906744957,10.727458,7.19527483,2.906744957
163,G163,2.19829154,9.649802208,6.966687202,2.19829154
164,G164,2.054923534,10.27802563,7.532691956,2.054923534
165,G165,4.295506001,13.02109528,9.977232933,4.295506001
166,S166,5.766291142,13.66231441,11.2538662,5.766291142
167,L167,5.893147469,11.51263428,10.1664505,5.893147469
168,I168,7.957251549,16.04735565,13.32790947,7.957251549
169,S169,9.894709587,18.03862,15.51312065,9.894709587
180,A180,8.075180054,12.8163662,11.60134983,8.075180054
181,P181,5.107140064,10.00993919,8.811414719,5.107140064
182,Q182,2.116677761,6.636422157,5.293874741,2.116677761
183,A183,2.188067913,2.654101372,2.886496067,2.188067913
184,P184,2.713551283,6.014995098,5.123106956,2.713551283
185,W185,2.370548248,6.674180031,4.467078686,2.370548248
186,D186,5.49305582,10.3131609,8.321209908,5.49305582
187,S187,8.403506279,13.59100723,11.33095932,8.403506279
188,S188,9.322471619,13.73867798,12.29683304,9.322471619
189,T189,9.915284157,11.52953911,11.13581181,9.915284157
191,F191,8.127200127,13.51405525,12.02313614,8.127200127
199,L199,9.873064041,13.04407024,13.04668999,9.873064041
200,I200,7.508569241,8.892993927,9.371862411,7.508569241
201,F201,6.722074986,7.076946735,7.647539139,6.722074986
202,A202,7.682574749,5.385210991,6.591621876,5.385210991
203,C203,8.032176018,2.150488138,3.038616657,2.150488138
204,E204,12.1602354,2.719388008,6.663089275,2.719388008
205,N205,11.71043491,1.327164888,4.944563389,1.327164888
206,D206,6.139127731,0,2.653742313,0
207,S207,8.82258606,1.336194038,3.449378252,1.336194038
208,I208,4.253286839,2.146948338,2.738001108,2.146948338
209,A209,4.040271759,2.021897316,3.081603765,2.021897316
210,P210,8.26961422,2.445033312,6.568611622,2.445033312
211,V211,9.440927505,3.075046301,6.721721172,3.075046301
212,N212,12.23546505,6.038606644,10.51042271,6.038606644
213,S213,10.15847683,6.998565197,9.410914421,6.998565197
214,S214,6.245702744,6.01807785,6.70597744,6.01807785
215,A215,7.217345715,6.128694057,7.350986481,6.128694057
216,L216,10.76904869,8.013824463,10.63494015,8.013824463
217,P217,11.49061108,9.373118401,11.52384758,9.373118401
218,I218,6.844760418,9.32219696,8.846539497,6.844760418
229,F229,11.00086117,8.267139435,10.98621655,8.267139435
230,L230,11.42793941,9.427317619,10.4989233,9.427317619
231,E231,11.83692074,5.985156536,8.567185402,5.985156536
232,I232,11.87053967,6.515812874,7.883316994,6.515812874
233,N233,15.6892004,8.149705887,9.860803604,8.149705887
234,G234,14.68538666,6.38659668,7.058647156,6.38659668
235,G235,11.52097988,3.395557404,4.353531361,3.395557404
236,S236,8.741506577,3.328919172,1.332310081,1.332310081
237,H237,2.414179325,2.653742313,0,0
238,S238,6.511324406,5.746339798,1.337615848,1.337615848
239,C239,8.160246849,6.043961048,2.773537874,2.773537874
240,A240,7.139351845,7.736204624,4.326761723,4.326761723
241,N241,5.992215633,8.710867882,4.642100811,4.642100811
242,S242,10.85792255,13.27184772,9.030427933,9.030427933
244,N244,11.87180614,11.78706551,8.081787109,8.081787109
250,I250,11.17106628,10.91726971,8.746752739,8.746752739
282,S282,15.76782322,8.145923615,11.43048191,8.145923615
283,D283,15.54057598,9.918292999,12.93808746,9.918292999