Protein,Other name 1,Other name 2,Activity,logActivity,Tm
S214H,M1,S214H,0.01,0.0043,55
S214H/K95A,,M1-K95A,0.01,0.0043,53.5
S214H/I168R/D186H,,M2-D186H,0.01,0.0043,53
S214H/A248P,,M1-A248P,0.015,0.0065,52.5
S214H/S188Q,,M1-S188Q,0.02,0.0086,54
S214H/D186H,,M1-R280A,0.02,0.0086,54.5
S214H/W159H,,M1-D186H,0.015,0.0065,60
S214H/I168R,M2,M1-I168R,0.02,0.0086,61
S214H/R280A,,M1-R280A,0.02,0.0086,54.5
S214H/I168R/W159H/S188Q/R280A/D186H,,M5-D186H,0.025,0.0107,55.5
S214H/I168R/W159H/D186H,,M3-D186H,0.045,0.0191,45.5
S214H/I168R/K95A,,M2-K95A,0.045,0.0191,64
S214H/I168R/W159H,M3,M2-W159H,0.04,0.017,68
S214H/I168R/W159H/S188Q/R280A/K95A,,M5-K95A,0.05,0.0212,71
S214H/I168R/S188Q,,M2-S188Q,0.05,0.0212,63.5
S214H/I168R/R280A,,M2-R280A,0.055,0.0233,62
S214H/I168R/A248P,,M2-A248P,0.06,0.0253,61.5
S214H/I168R/W159H/S188Q/D186H,,M4-D186H,0.07,0.0294,54
S214H/I168R/W159H/R280A,,M3-R280A,0.075,0.0314,68.5
S214H/I168R/W159H/S188Q/A248P,,M4-A248P,0.09,0.0374,70
S214H/I168R/W159H/S188Q,M4,M3-S188Q,0.095,0.0394,70
S214H/I168R/W159H/A248P,,M3-A248P,0.1,0.0414,67.5
S214H/I168R/W159H/K95A,,M3-K95A,0.11,0.0453,68.5
S214H/I168R/W159H/S188Q/R280A/A248P,,M5-A248P,0.13,0.0531,70
S214H/I168R/W159H/S188Q/R280A,M5,M4-R280A,0.195,0.0774,71
S214H/I168R/W159H/S188Q/R280A/N212R,,M5-N212R,0.1,0.0414,70
S214H/I168R/W159H/S188Q/R280A/Q119Y,,M5-Q11,0.1,0.0414,70.5
S214H/I168R/W159H/S188Q/R280A/A180I/P181A,,M6-P181A,0.1,0.0414,69
S214H/I168R/W159H/S188Q/R280A/P181A,,M5-P181A,0.15,0.0607,69
S214H/I168R/W159H/S188Q/R280A/L117F,,M5-L117F,0.2,0.0792,69
S214H/I168R/W159H/S188Q/R280A/S238F,,M5-S238F,0.25,0.0969,70
S214H/I168R/W159H/S188Q/R280A/S166T,,M5-S166T,0.3,0.1139,70
S214H/I168R/W159H/S188Q/R280A/G165A,,M5-G165A,0.25,0.0969,71
S214H/I168R/W159H/S188Q/R280A/A180I,M6,M5-A180I,0.3,0.1139,72.5
S214H/I168R/W159H/S188Q/R280A/I208V,,M5-I208V,0.3,0.1139,71
S214H/I168R/W159H/S188Q/R280A/A180I/G165A/Q119Y/L117F/S238F,,M9-S238F,0.35,0.1303,76
S214H/I168R/W159H/S188Q/R280A/A180I/G165A/S238F,,M7-S238F,0.4,0.1461,74
S214H/I168R/W159H/S188Q/R280A/A180I/Q119Y,,M6-Q119Y,0.4,0.1461,74
S214H/I168R/W159H/S188Q/R280A/A180I/I208V,,M6-I208V,0.45,0.1614,72
S214H/I168R/W159H/S188Q/R280A/A180I/S238F,,M6-S238F,0.45,0.1614,70.5
S214H/I168R/W159H/S188Q/R280A/A180I/L117F,,M6-L117F,0.5,0.1761,72.5
S214H/I168R/W159H/S188Q/R280A/A180I/N212R,,M6-N212R,0.55,0.1903,70.5
S214H/I168R/W159H/S188Q/R280A/A180I/G165A/N212R,,M7-N212R,0.55,0.1903,74.5
S214H/I168R/W159H/S188Q/R280A/A180I/G165A/S166T,,M7-S166T,0.65,0.2175,72
S214H/I168R/W159H/S188Q/R280A/A180I/G165A/Q119Y/L117F/P181A,,M9-P181A,0.65,0.2175,73
S214H/I168R/W159H/S188Q/R280A/A180I/G165A/Q119Y/P181A,,M8-P181A,0.7,0.2304,70.5
S214H/I168R/W159H/S188Q/R280A/A180I/G165A,M7,M6-G165A,0.7,0.2304,74
S214H/I168R/W159H/S188Q/R280A/A180I/G165A/I208V,,M7-I208V,0.75,0.243,73
S214H/I168R/W159H/S188Q/R280A/A180I/G165A/Q119Y/L117F/N212R,,M9-N212R,0.75,0.243,75.5
S214H/I168R/W159H/S188Q/R280A/A180I/G165A/Q119Y/L117F/I208V,,M9-I208V,0.75,0.243,75.5
S214H/I168R/W159H/S188Q/R280A/A180I/G165A/Q119Y/S238F,,M8-S238F,0.8,0.2553,75.5
S214H/I168R/W159H/S188Q/R280A/A180I/G165A/Q119Y/N212R,,M8-N212R,0.85,0.2672,75.5
S214H/I168R/W159H/S188Q/R280A/A180I/G165A/P181A,,M7-P181A,0.95,0.29,69
S214H/I168R/W159H/S188Q/R280A/A180I/S166T,,M6-S166T,1,0.301,72
S214H/I168R/W159H/S188Q/R280A/A180I/G165A/L117F,,M7-L117F,1,0.301,74.5
S214H/I168R/W159H/S188Q/R280A/A180I/G165A/Q119Y/I208V,,M8-I208V,1,0.301,75.5
S214H/I168R/W159H/S188Q/R280A/A180I/G165A/Q119Y,M8,M7-Q119Y,1.15,0.3324,75
S214H/I168R/W159H/S188Q/R280A/A180I/G165A/Q119Y/L117F/S166T,,M9-S166T,1.2,0.3424,75
S214H/I168R/W159H/S188Q/R280A/A180I/G165A/Q119Y/L117F,M9,M8-L117F,1.3,0.3617,75.5
S214H/I168R/W159H/S188Q/R280A/A180I/G165A/Q119Y/S166T,,M8-S166T,1.35,0.3711,74.5
S214H/I168R/W159H/S188Q/R280A/A180I/G165A/Q119Y/L117F/T140D/K148W,,M10-K148W,0.6,0.2041,74.5
S214H/I168R/W159H/S188Q/R280A/A180I/G165A/Q119Y/L117F/T77E,,M9-T77EI,0.9,0.2788,74
S214H/I168R/W159H/S188Q/R280A/A180I/G165A/Q119Y/L117F/T140D/T77E,,M10-T77E,1.05,0.3118,74.5
S214H/I168R/W159H/S188Q/R280A/A180I/G165A/Q119Y/L117F/K148W,,M9-K148W,1.1,0.3222,74
S214H/I168R/W159H/S188Q/R280A/A180I/G165A/Q119Y/L117F/T140D,M10,M9-T140D,1.4,0.3802,77