Protein,Wrong name,TPA,MHET,Activity,logActivity
Q119A,Q90A,1.1,0.5,1.6,0.4150
W159A,W130A,2,0.9,2.9,0.5911
W159H,W130H,3.7,1.5,5.2,0.7924
M161A,M132A,0.6,0.4,1,0.3010
W185A,W156A,0.4,0.2,0.6,0.2041
A209I,A180I,2,1.1,3.1,0.6128
S214H,S185H,2.5,1.4,3.9,0.6902
S238F,S209F,0.7,0.3,1,0.3010
W97L,W68L,0,0,0,0.0000
R123A,R94A,0.1,0.1,0.2,0.0792
Q182L,Q153L,1.1,0.7,1.8,0.4472
N241A,N212A,0,0.2,0.2,0.0792
Y87A,Y58A,3.8,2.6,6.4,0.8692
C203A,C174A,0.1,0.1,0.2,0.0792
I208A,I179A,0.6,0.2,0.8,0.2553
C239A,C210A,0,0,0,0.0000
C203A/C239A,C174A/C210A,0.1,0.1,0.2,0.0792