Protein,Activity,logActivity,Tm
IsPETase_WT,8.7,0.9868,48.81
S121D,7.2,0.9138,47.35
S121E,5.2,0.7924,47.68
D186H,19.7,1.3160,53.16
D186F,14.4,1.1875,51.9
D186I,6.9,0.8976,52.7
D186L,7.1,0.9085,51.67
D186V,7.1,0.9085,53.46
P181A,7.6,0.9345,49.25
P181G,1.7,0.4314,43.79
P181S,2.2,0.5051,45.92
S121D/D186H,38.4,1.5955,54.85
S121E/D186H,52.2,1.7259,56.02
P181A/S121D/D186H,25.3,1.4200,52.69
P181A/S121E/D186H,19.8,1.3181,53.56
S121D/D186H/R280A,93.6,1.9759,56.41
S121E/D186H/R280A,120.9,2.0860,57.62
,,,
,,,
,,,
,,,
,,,
,,,
,,,