Protein,Other name,TPA,MHET,BHET,Activity,logActivity
SbPETase_WT,SbPETase_WT,6.8,99.8,9.8,116.4,2.0697
Y89A,Y60A,0,29.3,-1.5,27.8,1.4594
L90T,L61T,11.3,49.5,10.5,71.3,1.8591
W161A,W132A,0,0,0,0,0
W161H,W132H,7.5,102.8,12,122.3,2.091
V210I,V181I,18,37.5,0,55.5,1.752
T241F,T212F,0,0,0,0,0
T241S,T212S,0,0,0,0,0
R288A,R259A,6.8,125.2,8.3,140.3,2.1501
L90T/W161H,L61T/W132H,14.3,30,6,50.3,1.7101
L90T/R288A,L61T/R259A,9,51.8,11.3,72.1,1.8639
W161H/R288A,W132H/R259A,6.8,113.3,2.3,122.4,2.0913
L90T/W161H/R288A,L61T/W132H/R259A,9.8,150.8,3,163.6,2.2164