Protein,logActivity,Activity
LCC_ICCG,1,10.0000
A59E,1,10.0000
A59H,2.25,177.8279
A59R,2.5,316.2278
A59K,2.5,316.2278
V63L,1.5,31.6228
V63I,2.25,177.8279
V63P,1.5,31.6228
V68F,1.25,17.7828
V68Y,1.5,31.6228
V68P,1.5,31.6228
V75F,1.25,17.7828
V75Y,1,10.0000
V75W,0.5,3.1623
V75D,0.5,3.1623
V75R,2.25,177.8279
V75K,1.5,31.6228
V75H,1.5,31.6228
A90V,1,10.0000
L105F,1.25,17.7828
R124Y,0.5,3.1623
V150I,1.25,17.7828
A162I,1.5,31.6228
A162V,1,10.0000
V202I,1,10.0000
N248P,2,100.0000
N276P,0.75,5.6234
A59H/V63I/N248P,1.5,31.6228
A59K/V63I/N248P,2.5,316.2278
A59R/V63I/N248P,2.5,316.2278
A59H/V75R/N248P,2.5,316.2278
A59K/V75R/N248P,2.75,562.3413
A59R/V75R/N248P,2.5,316.2278
V63I/V75R/N248P,2.5,316.2278